movie_path,start,end
C:\Users\yuki\Documents\十万祭\【DOA Xtreme3 Scarlet】◆30代　はじめての極上バカンス◆part3.mp4,00:12:20,00:12:27
"""C:\Users\yuki\Documents\十万祭\【ニンテンドーeショップ】◆西美濃eショップパトロールクラブ◆part7.mp4""",00:28:12,00:28:17
"""C:\Users\yuki\Documents\十万祭\【ニンテンドーeショップ】◆西美濃eショップパトロールクラブ◆part9.mp4""",00:18:07,00:18:22
"""C:\Users\yuki\Documents\十万祭\【イラストチェイナー】◆30代　はじめての絵しりとり対決◆part14.mp4""",00:12:07,00:13:03
"""C:\Users\yuki\Documents\十万祭\【PACIFY】◆何も知らない友人たちと悪霊の棲む館を探検してみた◆part1.mp4""",00:10:15,00:10:37
"""C:\Users\yuki\Documents\十万祭\【PACIFY】◆何も知らない友人たちと悪霊の棲む館を探検してみた◆part1.mp4""",00:16:15,00:16:46
"""C:\Users\yuki\Documents\十万祭\【はたらくUFO】◆30代　はじめての勤労◆part12.mp4""",00:19:45,00:20:15
"""C:\Users\yuki\Documents\十万祭\【ゲーム発展国++】◆30代　はじめての大手ゲームメーカー経営◆part1.mp4""",00:02:45,00:03:22
"""C:\Users\yuki\Documents\十万祭\【ゲーム発展国++】◆30代　はじめての大手ゲームメーカー経営◆part5.mp4""",00:14:25,00:14:44
